{"cameraMode":{"drawMode":0,"name":"Shaded","section":"Shading Mode"},"sceneLighting":true,"audioPlay":false,"sceneViewState":{"m_AlwaysRefresh":true,"showFog":true,"showSkybox":true,"showFlares":true,"showImageEffects":true,"showParticleSystems":true,"showVisualEffectGraphs":true,"m_FxEnabled":true},"in2DMode":false,"pivot":{"x":-26.994918823242189,"y":14.115804672241211,"z":45.639347076416019},"rotation":{"x":-0.03268006071448326,"y":-0.9626341462135315,"z":0.1354694366455078,"w":-0.23221702873706819},"size":0.9552018642425537,"orthographic":false}