{"cameraMode":{"drawMode":0,"name":"Shaded","section":"Shading Mode"},"sceneLighting":true,"audioPlay":false,"sceneViewState":{"m_AlwaysRefresh":true,"showFog":true,"showSkybox":true,"showFlares":true,"showImageEffects":true,"showParticleSystems":true,"showVisualEffectGraphs":true,"m_FxEnabled":true},"in2DMode":false,"pivot":{"x":24.447795867919923,"y":24.02199935913086,"z":2.2451541423797609},"rotation":{"x":-0.1816536784172058,"y":0.5809973478317261,"z":-0.13508503139019013,"w":-0.7820301651954651},"size":4.4013872146606449,"orthographic":false}