{"cameraMode":{"drawMode":0,"name":"Shaded","section":"Shading Mode"},"sceneLighting":true,"audioPlay":false,"sceneViewState":{"m_AlwaysRefresh":true,"showFog":true,"showSkybox":true,"showFlares":true,"showImageEffects":true,"showParticleSystems":true,"showVisualEffectGraphs":true,"m_FxEnabled":true},"in2DMode":false,"pivot":{"x":1.0823655128479005,"y":1.7955589294433594,"z":0.0992930456995964},"rotation":{"x":0.13959471881389619,"y":-0.6130913496017456,"z":0.11116756498813629,"w":0.7696806192398071},"size":0.8660253882408142,"orthographic":false}