{"cameraMode":{"drawMode":0,"name":"Shaded","section":"Shading Mode"},"sceneLighting":true,"audioPlay":false,"sceneViewState":{"m_AlwaysRefresh":true,"showFog":true,"showSkybox":true,"showFlares":true,"showImageEffects":true,"showParticleSystems":true,"showVisualEffectGraphs":true,"m_FxEnabled":true},"in2DMode":false,"pivot":{"x":0.9531925320625305,"y":2.174238681793213,"z":-0.2231021672487259},"rotation":{"x":0.34712493419647219,"y":0.0688471645116806,"z":-0.02554791048169136,"w":0.9349526762962341},"size":0.8660253882408142,"orthographic":false}