{"cameraMode":{"drawMode":0,"name":"Shaded","section":"Shading Mode"},"sceneLighting":true,"audioPlay":false,"sceneViewState":{"m_AlwaysRefresh":true,"showFog":true,"showSkybox":true,"showFlares":true,"showImageEffects":true,"showParticleSystems":true,"showVisualEffectGraphs":true,"m_FxEnabled":true},"in2DMode":false,"pivot":{"x":18.094650268554689,"y":5.873805046081543,"z":-31.261943817138673},"rotation":{"x":-0.09209504723548889,"y":-0.12808755040168763,"z":-0.011945335194468499,"w":0.9874078035354614},"size":0.8660253882408142,"orthographic":false}