{"cameraMode":{"drawMode":0,"name":"Shaded","section":"Shading Mode"},"sceneLighting":true,"audioPlay":false,"sceneViewState":{"m_AlwaysRefresh":true,"showFog":true,"showSkybox":true,"showFlares":true,"showImageEffects":true,"showParticleSystems":true,"showVisualEffectGraphs":true,"m_FxEnabled":true},"in2DMode":false,"pivot":{"x":2.742189645767212,"y":12.524565696716309,"z":30.788738250732423},"rotation":{"x":-0.25339385867118838,"y":0.27258211374282839,"z":-0.07475147396326065,"w":-0.9253565073013306},"size":4.806425094604492,"orthographic":false}