{"cameraMode":{"drawMode":0,"name":"Shaded","section":"Shading Mode"},"sceneLighting":true,"audioPlay":false,"sceneViewState":{"m_AlwaysRefresh":true,"showFog":true,"showSkybox":true,"showFlares":true,"showImageEffects":true,"showParticleSystems":true,"showVisualEffectGraphs":true,"m_FxEnabled":true},"in2DMode":false,"pivot":{"x":2.089592218399048,"y":2.2509231567382814,"z":0.2666170001029968},"rotation":{"x":0.24179388582706452,"y":-0.6233802437782288,"z":0.21144840121269227,"w":0.7129164338111877},"size":0.8660253882408142,"orthographic":false}