{"cameraMode":{"drawMode":0,"name":"Shaded","section":"Shading Mode"},"sceneLighting":true,"audioPlay":false,"sceneViewState":{"m_AlwaysRefresh":true,"showFog":true,"showSkybox":true,"showFlares":true,"showImageEffects":true,"showParticleSystems":true,"showVisualEffectGraphs":true,"m_FxEnabled":true},"in2DMode":false,"pivot":{"x":3.612230062484741,"y":14.265718460083008,"z":1.9607552289962769},"rotation":{"x":0.17349852621555329,"y":-0.8256769180297852,"z":0.3997670114040375,"w":0.35835742950439455},"size":0.8579803109169006,"orthographic":false}