{"cameraMode":{"drawMode":0,"name":"Shaded","section":"Shading Mode"},"sceneLighting":true,"audioPlay":false,"sceneViewState":{"m_AlwaysRefresh":true,"showFog":true,"showSkybox":true,"showFlares":true,"showImageEffects":true,"showParticleSystems":true,"showVisualEffectGraphs":true,"m_FxEnabled":true},"in2DMode":false,"pivot":{"x":-26.227981567382814,"y":14.733545303344727,"z":46.24002456665039},"rotation":{"x":0.011338661424815655,"y":-0.8777193427085877,"z":-0.020798051729798318,"w":-0.47859853506088259},"size":0.9552018642425537,"orthographic":false}