{"cameraMode":{"drawMode":0,"name":"Shaded","section":"Shading Mode"},"sceneLighting":true,"audioPlay":false,"sceneViewState":{"m_AlwaysRefresh":true,"showFog":true,"showSkybox":true,"showFlares":true,"showImageEffects":true,"showParticleSystems":true,"showVisualEffectGraphs":true,"m_FxEnabled":true},"in2DMode":false,"pivot":{"x":2.279256820678711,"y":11.391416549682618,"z":34.993614196777347},"rotation":{"x":0.007376667112112045,"y":0.3257753849029541,"z":-0.0025702426210045816,"w":0.9454786777496338},"size":18.075889587402345,"orthographic":false}