{"cameraMode":{"drawMode":0,"name":"Shaded","section":"Shading Mode"},"sceneLighting":true,"audioPlay":false,"sceneViewState":{"m_AlwaysRefresh":true,"showFog":true,"showSkybox":true,"showFlares":true,"showImageEffects":true,"showParticleSystems":true,"showVisualEffectGraphs":true,"m_FxEnabled":true},"in2DMode":false,"pivot":{"x":2.3852953910827638,"y":12.70332145690918,"z":11.398590087890625},"rotation":{"x":-0.3536778390407562,"y":0.4123528003692627,"z":-0.1775435358285904,"w":-0.8207534551620483},"size":0.21650634706020356,"orthographic":false}