{"cameraMode":{"drawMode":0,"name":"Shaded","section":"Shading Mode"},"sceneLighting":true,"audioPlay":false,"sceneViewState":{"m_AlwaysRefresh":true,"showFog":true,"showSkybox":true,"showFlares":true,"showImageEffects":true,"showParticleSystems":true,"showVisualEffectGraphs":true,"m_FxEnabled":true},"in2DMode":false,"pivot":{"x":1.9157172441482545,"y":0.5903104543685913,"z":-2.8132941722869875},"rotation":{"x":-0.02716672047972679,"y":0.10120278596878052,"z":-0.002763026626780629,"w":-0.9945062398910523},"size":0.8660253882408142,"orthographic":false}