{"cameraMode":{"drawMode":0,"name":"Shaded","section":"Shading Mode"},"sceneLighting":true,"audioPlay":false,"sceneViewState":{"m_AlwaysRefresh":true,"showFog":true,"showSkybox":true,"showFlares":true,"showImageEffects":true,"showParticleSystems":true,"showVisualEffectGraphs":true,"m_FxEnabled":true},"in2DMode":false,"pivot":{"x":-6.182901382446289,"y":2.0505406856536867,"z":4.780860424041748},"rotation":{"x":-0.10983593761920929,"y":-0.7719073295593262,"z":0.13876545429229737,"w":-0.6107019782066345},"size":0.011053759604692459,"orthographic":false}