{"cameraMode":{"drawMode":0,"name":"Shaded","section":"Shading Mode"},"sceneLighting":true,"audioPlay":false,"sceneViewState":{"m_AlwaysRefresh":true,"showFog":true,"showSkybox":true,"showFlares":true,"showImageEffects":true,"showParticleSystems":true,"showVisualEffectGraphs":true,"m_FxEnabled":true},"in2DMode":false,"pivot":{"x":7.933757781982422,"y":10.535106658935547,"z":17.163043975830079},"rotation":{"x":-0.020568490028381349,"y":-0.9202224016189575,"z":0.38831380009651186,"w":-0.04860329255461693},"size":4.806425094604492,"orthographic":false}