{"cameraMode":{"drawMode":0,"name":"Shaded","section":"Shading Mode"},"sceneLighting":true,"audioPlay":false,"sceneViewState":{"m_AlwaysRefresh":true,"showFog":true,"showSkybox":true,"showFlares":true,"showImageEffects":true,"showParticleSystems":true,"showVisualEffectGraphs":true,"m_FxEnabled":true},"in2DMode":false,"pivot":{"x":23.423927307128908,"y":4.137309551239014,"z":55.83822250366211},"rotation":{"x":-0.024476852267980577,"y":-0.30922722816467287,"z":0.008202104829251767,"w":-0.950775146484375},"size":25.191368103027345,"orthographic":false}