{"cameraMode":{"drawMode":0,"name":"Shaded","section":"Shading Mode"},"sceneLighting":true,"audioPlay":false,"sceneViewState":{"m_AlwaysRefresh":true,"showFog":true,"showSkybox":true,"showFlares":true,"showImageEffects":true,"showParticleSystems":true,"showVisualEffectGraphs":true,"m_FxEnabled":true},"in2DMode":false,"pivot":{"x":2.647975444793701,"y":12.687722206115723,"z":11.500094413757325},"rotation":{"x":-0.41999900341033938,"y":-0.03893937170505524,"z":0.018177248537540437,"w":-0.9066612124443054},"size":0.21650634706020356,"orthographic":false}