{"cameraMode":{"drawMode":0,"name":"Shaded","section":"Shading Mode"},"sceneLighting":true,"audioPlay":false,"sceneViewState":{"m_AlwaysRefresh":true,"showFog":true,"showSkybox":true,"showFlares":true,"showImageEffects":true,"showParticleSystems":true,"showVisualEffectGraphs":true,"m_FxEnabled":true},"in2DMode":false,"pivot":{"x":14.43441104888916,"y":13.764997482299805,"z":-0.8378859758377075},"rotation":{"x":-0.20122329890727998,"y":0.37112417817115786,"z":-0.08281560987234116,"w":-0.9029372930526733},"size":4.4013872146606449,"orthographic":false}