{"cameraMode":{"drawMode":0,"name":"Shaded","section":"Shading Mode"},"sceneLighting":true,"audioPlay":false,"sceneViewState":{"m_AlwaysRefresh":true,"showFog":true,"showSkybox":true,"showFlares":true,"showImageEffects":true,"showParticleSystems":true,"showVisualEffectGraphs":true,"m_FxEnabled":true},"in2DMode":false,"pivot":{"x":0.5727066397666931,"y":4.84285306930542,"z":5.150592803955078},"rotation":{"x":-0.03706204891204834,"y":0.8026089668273926,"z":-0.050156090408563617,"w":-0.5933190584182739},"size":0.8579803109169006,"orthographic":false}