{"cameraMode":{"drawMode":0,"name":"Shaded","section":"Shading Mode"},"sceneLighting":true,"audioPlay":false,"sceneViewState":{"m_AlwaysRefresh":true,"showFog":true,"showSkybox":true,"showFlares":true,"showImageEffects":true,"showParticleSystems":true,"showVisualEffectGraphs":true,"m_FxEnabled":true},"in2DMode":false,"pivot":{"x":-1.3762903213500977,"y":2.8698296546936037,"z":35.32254409790039},"rotation":{"x":-0.12594041228294373,"y":0.02852761186659336,"z":-0.003566793631762266,"w":-0.9917379021644592},"size":9.550000190734864,"orthographic":false}