{"cameraMode":{"drawMode":0,"name":"Shaded","section":"Shading Mode"},"sceneLighting":true,"audioPlay":false,"sceneViewState":{"m_AlwaysRefresh":true,"showFog":true,"showSkybox":true,"showFlares":true,"showImageEffects":true,"showParticleSystems":true,"showVisualEffectGraphs":true,"m_FxEnabled":true},"in2DMode":false,"pivot":{"x":2.130540370941162,"y":1.1257736682891846,"z":-2.8376471996307375},"rotation":{"x":0.1282348781824112,"y":0.03957248851656914,"z":0.005123100243508816,"w":-0.9909558892250061},"size":0.9457213878631592,"orthographic":false}