{"cameraMode":{"drawMode":0,"name":"Shaded","section":"Shading Mode"},"sceneLighting":true,"audioPlay":false,"sceneViewState":{"m_AlwaysRefresh":true,"showFog":true,"showSkybox":true,"showFlares":true,"showImageEffects":true,"showParticleSystems":true,"showVisualEffectGraphs":true,"m_FxEnabled":true},"in2DMode":false,"pivot":{"x":15.586819648742676,"y":12.067831039428711,"z":-4.490575790405273},"rotation":{"x":-0.33111661672592165,"y":0.2954367995262146,"z":-0.11003325879573822,"w":-0.8894198536872864},"size":0.8579803109169006,"orthographic":false}