{"cameraMode":{"drawMode":0,"name":"Shaded","section":"Shading Mode"},"sceneLighting":true,"audioPlay":false,"sceneViewState":{"m_AlwaysRefresh":true,"showFog":true,"showSkybox":true,"showFlares":true,"showImageEffects":true,"showParticleSystems":true,"showVisualEffectGraphs":true,"m_FxEnabled":true},"in2DMode":false,"pivot":{"x":11.366922378540039,"y":4.3018999099731449,"z":2.076753616333008},"rotation":{"x":-0.07425256818532944,"y":0.6979881525039673,"z":-0.0731220543384552,"w":-0.7085209488868713},"size":0.8660253882408142,"orthographic":false}