{"cameraMode":{"drawMode":0,"name":"Shaded","section":"Shading Mode"},"sceneLighting":false,"audioPlay":false,"sceneViewState":{"m_AlwaysRefresh":true,"showFog":true,"showSkybox":false,"showFlares":true,"showImageEffects":true,"showParticleSystems":true,"showVisualEffectGraphs":true,"m_FxEnabled":true},"in2DMode":false,"pivot":{"x":0.8633849024772644,"y":1.385535717010498,"z":0.7473876476287842},"rotation":{"x":0.09399876743555069,"y":-0.8424348831176758,"z":0.1561802327632904,"w":0.5070339441299439},"size":0.8660253882408142,"orthographic":false}