{"cameraMode":{"drawMode":0,"name":"Shaded","section":"Shading Mode"},"sceneLighting":true,"audioPlay":false,"sceneViewState":{"m_AlwaysRefresh":true,"showFog":true,"showSkybox":true,"showFlares":true,"showImageEffects":true,"showParticleSystems":true,"showVisualEffectGraphs":true,"m_FxEnabled":true},"in2DMode":false,"pivot":{"x":81.47870635986328,"y":9.478906631469727,"z":-234.53956604003907},"rotation":{"x":-0.008292295970022679,"y":0.9920088648796082,"z":-0.0865054503083229,"w":-0.09278889000415802},"size":18.519447326660158,"orthographic":false}