{"cameraMode":{"drawMode":0,"name":"Shaded","section":"Shading Mode"},"sceneLighting":true,"audioPlay":false,"sceneViewState":{"m_AlwaysRefresh":true,"showFog":true,"showSkybox":true,"showFlares":true,"showImageEffects":true,"showParticleSystems":true,"showVisualEffectGraphs":true,"m_FxEnabled":true},"in2DMode":false,"pivot":{"x":265.2071838378906,"y":15.60336971282959,"z":634.5477905273438},"rotation":{"x":0.028878886252641679,"y":0.9692806005477905,"z":-0.20797376334667207,"w":0.12967340648174287},"size":0.8660253882408142,"orthographic":false}