{"cameraMode":{"drawMode":0,"name":"Shaded","section":"Shading Mode"},"sceneLighting":true,"audioPlay":false,"sceneViewState":{"m_AlwaysRefresh":true,"showFog":true,"showSkybox":true,"showFlares":true,"showImageEffects":true,"showParticleSystems":true,"showVisualEffectGraphs":true,"m_FxEnabled":true},"in2DMode":false,"pivot":{"x":-13.262208938598633,"y":20.936601638793947,"z":39.493099212646487},"rotation":{"x":0.08533579856157303,"y":-0.037662629038095477,"z":0.0033568202052265407,"w":0.9956895709037781},"size":0.8660253882408142,"orthographic":false}