{"cameraMode":{"drawMode":0,"name":"Shaded","section":"Shading Mode"},"sceneLighting":true,"audioPlay":false,"sceneViewState":{"m_AlwaysRefresh":true,"showFog":true,"showSkybox":true,"showFlares":true,"showImageEffects":true,"showParticleSystems":true,"showVisualEffectGraphs":true,"m_FxEnabled":true},"in2DMode":false,"pivot":{"x":-95.57952117919922,"y":262.5296325683594,"z":-237.9949951171875},"rotation":{"x":0.5097482800483704,"y":0.005158654414117336,"z":-0.003062483621761203,"w":0.860312283039093},"size":45.138675689697269,"orthographic":false}