{"cameraMode":{"drawMode":0,"name":"Shaded","section":"Shading Mode"},"sceneLighting":true,"audioPlay":false,"sceneViewState":{"m_AlwaysRefresh":true,"showFog":true,"showSkybox":true,"showFlares":true,"showImageEffects":true,"showParticleSystems":true,"showVisualEffectGraphs":true,"m_FxEnabled":true},"in2DMode":false,"pivot":{"x":-0.7328702211380005,"y":0.21587872505187989,"z":-6.1658477783203129},"rotation":{"x":-0.017202451825141908,"y":-0.9827911257743836,"z":0.13198745250701905,"w":-0.1280897557735443},"size":3.9832990169525148,"orthographic":false}