{"cameraMode":{"drawMode":0,"name":"Shaded","section":"Shading Mode"},"sceneLighting":true,"audioPlay":false,"sceneViewState":{"m_AlwaysRefresh":true,"showFog":true,"showSkybox":true,"showFlares":true,"showImageEffects":true,"showParticleSystems":true,"showVisualEffectGraphs":true,"m_FxEnabled":true},"in2DMode":false,"pivot":{"x":-10.757964134216309,"y":1.3326783180236817,"z":3.640275716781616},"rotation":{"x":-0.02260906808078289,"y":0.9447755813598633,"z":-0.06671671569347382,"w":-0.32013189792633059},"size":0.6618399024009705,"orthographic":false}