{"cameraMode":{"drawMode":0,"name":"Shaded","section":"Shading Mode"},"sceneLighting":true,"audioPlay":false,"sceneViewState":{"m_AlwaysRefresh":true,"showFog":true,"showSkybox":true,"showFlares":true,"showImageEffects":true,"showParticleSystems":true,"showVisualEffectGraphs":true,"m_FxEnabled":true},"in2DMode":false,"pivot":{"x":7.051046371459961,"y":45.64729309082031,"z":-96.48727416992188},"rotation":{"x":0.044038448482751849,"y":0.9546690583229065,"z":-0.18112757802009583,"w":0.23210619390010835},"size":0.8660253882408142,"orthographic":false}