{"cameraMode":{"drawMode":0,"name":"Shaded","section":"Shading Mode"},"sceneLighting":true,"audioPlay":false,"sceneViewState":{"m_AlwaysRefresh":true,"showFog":true,"showSkybox":true,"showFlares":true,"showImageEffects":true,"showParticleSystems":true,"showVisualEffectGraphs":true,"m_FxEnabled":true},"in2DMode":false,"pivot":{"x":140.38365173339845,"y":130.9295196533203,"z":11.938192367553711},"rotation":{"x":-0.24697758257389069,"y":0.7002378106117249,"z":-0.28538909554481509,"w":-0.6060190796852112},"size":4.771602153778076,"orthographic":false}