{"cameraMode":{"drawMode":0,"name":"Shaded","section":"Shading Mode"},"sceneLighting":true,"audioPlay":false,"sceneViewState":{"m_AlwaysRefresh":true,"showFog":true,"showSkybox":true,"showFlares":true,"showImageEffects":true,"showParticleSystems":true,"showVisualEffectGraphs":true,"m_FxEnabled":true},"in2DMode":false,"pivot":{"x":-2.138888120651245,"y":-3.1486144065856935,"z":-1.779340386390686},"rotation":{"x":0.008040040731430054,"y":-0.9403566718101502,"z":0.022613612934947015,"w":0.3395109176635742},"size":0.8660253882408142,"orthographic":false}