{"cameraMode":{"drawMode":0,"name":"Shaded","section":"Shading Mode"},"sceneLighting":false,"audioPlay":false,"sceneViewState":{"m_AlwaysRefresh":true,"showFog":true,"showSkybox":false,"showFlares":true,"showImageEffects":true,"showParticleSystems":true,"showVisualEffectGraphs":true,"m_FxEnabled":true},"in2DMode":false,"pivot":{"x":3.6115503311157228,"y":10.317543983459473,"z":43.607547760009769},"rotation":{"x":0.3220694363117218,"y":-0.12447986006736756,"z":0.04275494068861008,"w":0.9375288486480713},"size":18.520706176757814,"orthographic":false}