{"cameraMode":{"drawMode":0,"name":"Shaded","section":"Shading Mode"},"sceneLighting":false,"audioPlay":false,"sceneViewState":{"m_AlwaysRefresh":true,"showFog":true,"showSkybox":true,"showFlares":true,"showImageEffects":true,"showParticleSystems":true,"showVisualEffectGraphs":true,"m_FxEnabled":true},"in2DMode":false,"pivot":{"x":0.6255901455879211,"y":0.5975052714347839,"z":5.563414573669434},"rotation":{"x":-0.18208785355091096,"y":-0.04947417974472046,"z":0.009172230027616024,"w":-0.9821643233299255},"size":2.9261748790740969,"orthographic":false}