{"cameraMode":{"drawMode":0,"name":"Shaded","section":"Shading Mode"},"sceneLighting":true,"audioPlay":false,"sceneViewState":{"m_AlwaysRefresh":true,"showFog":true,"showSkybox":true,"showFlares":true,"showImageEffects":true,"showParticleSystems":true,"showVisualEffectGraphs":true,"m_FxEnabled":true},"in2DMode":false,"pivot":{"x":-18.019187927246095,"y":3.183685541152954,"z":233.51866149902345},"rotation":{"x":0.2344619482755661,"y":0.20539282262325288,"z":-0.04904317855834961,"w":0.949220597743988},"size":0.8660253882408142,"orthographic":false}