{"cameraMode":{"drawMode":0,"name":"Shaded","section":"Shading Mode"},"sceneLighting":false,"audioPlay":false,"sceneViewState":{"m_AlwaysRefresh":true,"showFog":true,"showSkybox":true,"showFlares":true,"showImageEffects":true,"showParticleSystems":true,"showVisualEffectGraphs":true,"m_FxEnabled":true},"in2DMode":false,"pivot":{"x":-0.7393013834953308,"y":1.2584043741226197,"z":2.2923953533172609},"rotation":{"x":-0.07738078385591507,"y":0.6394444108009338,"z":-0.06437698751688004,"w":-0.762423574924469},"size":2.9261748790740969,"orthographic":false}