{"cameraMode":{"drawMode":0,"name":"Shaded","section":"Shading Mode"},"sceneLighting":true,"audioPlay":false,"sceneViewState":{"m_AlwaysRefresh":true,"showFog":true,"showSkybox":true,"showFlares":true,"showImageEffects":true,"showParticleSystems":true,"showVisualEffectGraphs":true,"m_FxEnabled":true},"in2DMode":false,"pivot":{"x":4.275756359100342,"y":22.29991912841797,"z":0.3583683669567108},"rotation":{"x":-0.07137155532836914,"y":0.9183487892150879,"z":-0.19779376685619355,"w":-0.3358857333660126},"size":2.9261748790740969,"orthographic":false}