{"cameraMode":{"drawMode":0,"name":"Shaded","section":"Shading Mode"},"sceneLighting":true,"audioPlay":false,"sceneViewState":{"m_AlwaysRefresh":true,"showFog":true,"showSkybox":true,"showFlares":true,"showImageEffects":true,"showParticleSystems":true,"showVisualEffectGraphs":true,"m_FxEnabled":true},"in2DMode":false,"pivot":{"x":2.0701825618743898,"y":2.4552464485168459,"z":1.4082975387573243},"rotation":{"x":-0.2547610104084015,"y":-0.7198407649993897,"z":0.33095353841781618,"w":-0.5546247363090515},"size":2.9261748790740969,"orthographic":false}