{"cameraMode":{"drawMode":0,"name":"Shaded","section":"Shading Mode"},"sceneLighting":true,"audioPlay":false,"sceneViewState":{"m_AlwaysRefresh":true,"showFog":true,"showSkybox":true,"showFlares":true,"showImageEffects":true,"showParticleSystems":true,"showVisualEffectGraphs":true,"m_FxEnabled":true},"in2DMode":false,"pivot":{"x":-8.667463302612305,"y":7.663105010986328,"z":3.6867151260375978},"rotation":{"x":0.05663729086518288,"y":0.9026259779930115,"z":-0.12571461498737336,"w":0.40799808502197268},"size":0.14759184420108796,"orthographic":false}