{"cameraMode":{"drawMode":0,"name":"Shaded","section":"Shading Mode"},"sceneLighting":true,"audioPlay":false,"sceneViewState":{"m_AlwaysRefresh":true,"showFog":true,"showSkybox":true,"showFlares":true,"showImageEffects":true,"showParticleSystems":true,"showVisualEffectGraphs":true,"m_FxEnabled":true},"in2DMode":false,"pivot":{"x":-1.8807978630065919,"y":3.7145683765411379,"z":0.5349671840667725},"rotation":{"x":0.24297398328781129,"y":-0.7435742020606995,"z":0.349697470664978,"w":0.5157716274261475},"size":2.9261748790740969,"orthographic":false}