{"cameraMode":{"drawMode":0,"name":"Shaded","section":"Shading Mode"},"sceneLighting":true,"audioPlay":false,"sceneViewState":{"m_AlwaysRefresh":true,"showFog":true,"showSkybox":true,"showFlares":true,"showImageEffects":true,"showParticleSystems":true,"showVisualEffectGraphs":true,"m_FxEnabled":true},"in2DMode":false,"pivot":{"x":5.140182018280029,"y":17.160890579223634,"z":-3.831052303314209},"rotation":{"x":0.007941970601677895,"y":-0.9869118332862854,"z":0.0612906739115715,"w":0.15048423409461976},"size":0.8660253882408142,"orthographic":false}