{"cameraMode":{"drawMode":0,"name":"Shaded","section":"Shading Mode"},"sceneLighting":true,"audioPlay":false,"sceneViewState":{"m_AlwaysRefresh":true,"showFog":true,"showSkybox":true,"showFlares":true,"showImageEffects":true,"showParticleSystems":true,"showVisualEffectGraphs":true,"m_FxEnabled":true},"in2DMode":false,"pivot":{"x":5.885818004608154,"y":11.063822746276856,"z":-11.039281845092774},"rotation":{"x":-0.31724345684051516,"y":-0.009635359980165959,"z":0.0033225147053599359,"w":-0.9483834505081177},"size":0.14759163558483125,"orthographic":false}