{"cameraMode":{"drawMode":0,"name":"Shaded","section":"Shading Mode"},"sceneLighting":true,"audioPlay":false,"sceneViewState":{"m_AlwaysRefresh":true,"showFog":true,"showSkybox":true,"showFlares":true,"showImageEffects":true,"showParticleSystems":true,"showVisualEffectGraphs":true,"m_FxEnabled":true},"in2DMode":false,"pivot":{"x":2.6900177001953127,"y":21.779630661010743,"z":-4.004408836364746},"rotation":{"x":-0.24583877623081208,"y":0.27790161967277529,"z":-0.07475189864635468,"w":-0.9258201122283936},"size":2.9261748790740969,"orthographic":false}