{"cameraMode":{"drawMode":0,"name":"Shaded","section":"Shading Mode"},"sceneLighting":true,"audioPlay":false,"sceneViewState":{"m_AlwaysRefresh":true,"showFog":true,"showSkybox":true,"showFlares":true,"showImageEffects":true,"showParticleSystems":true,"showVisualEffectGraphs":true,"m_FxEnabled":true},"in2DMode":false,"pivot":{"x":-19.361129760742189,"y":9.796964645385743,"z":172.57464599609376},"rotation":{"x":-0.07656943053007126,"y":-0.6006627678871155,"z":0.055742405354976657,"w":-0.7942010760307312},"size":0.8660253882408142,"orthographic":false}