{"cameraMode":{"drawMode":0,"name":"Shaded","section":"Shading Mode"},"sceneLighting":true,"audioPlay":false,"sceneViewState":{"m_AlwaysRefresh":true,"showFog":true,"showSkybox":true,"showFlares":true,"showImageEffects":true,"showParticleSystems":true,"showVisualEffectGraphs":true,"m_FxEnabled":true},"in2DMode":false,"pivot":{"x":8.383899688720704,"y":9.229155540466309,"z":-15.713239669799805},"rotation":{"x":-0.03441551700234413,"y":0.9554119110107422,"z":0.12363457679748535,"w":0.26594623923301699},"size":12.12435531616211,"orthographic":false}