{"cameraMode":{"drawMode":0,"name":"Shaded","section":"Shading Mode"},"sceneLighting":true,"audioPlay":false,"sceneViewState":{"m_AlwaysRefresh":true,"showFog":true,"showSkybox":true,"showFlares":true,"showImageEffects":true,"showParticleSystems":true,"showVisualEffectGraphs":true,"m_FxEnabled":true},"in2DMode":false,"pivot":{"x":15.185416221618653,"y":-0.07570481300354004,"z":19.345285415649415},"rotation":{"x":0.026922203600406648,"y":0.6703782677650452,"z":-0.02435293234884739,"w":0.7411373257637024},"size":12.12435531616211,"orthographic":false}