{"cameraMode":{"drawMode":0,"name":"Shaded","section":"Shading Mode"},"sceneLighting":true,"audioPlay":false,"sceneViewState":{"m_AlwaysRefresh":true,"showFog":true,"showSkybox":true,"showFlares":true,"showImageEffects":true,"showParticleSystems":true,"showVisualEffectGraphs":true,"m_FxEnabled":true},"in2DMode":false,"pivot":{"x":-252.7127227783203,"y":14.121362686157227,"z":-24.615625381469728},"rotation":{"x":0.2578813433647156,"y":-0.1838265359401703,"z":0.05004752799868584,"w":0.9472125768661499},"size":0.8660253882408142,"orthographic":false}